idna_subject,checker_type,destination,tested_at
vydoxtrial.com,AVAILABILITY,domains.list,2026-10-03 14:11:55.883155+00:00
www.vydoxtrial.com,AVAILABILITY,domains.list,2026-10-03 14:11:56.149805+00:00
www.7minuteworkout.com,AVAILABILITY,domains.list,2026-10-03 14:11:57.417408+00:00
janeaustenjoy.com,AVAILABILITY,domains.list,2026-10-03 14:11:57.808826+00:00
www.janeaustenjoy.com,AVAILABILITY,domains.list,2026-10-03 14:11:58.086073+00:00
www.motoren.ru,AVAILABILITY,domains.list,2026-10-03 14:12:08.554930+00:00
www.addshoppers.com,AVAILABILITY,domains.list,2026-10-03 14:12:09.213968+00:00
www.oz-offers.com,AVAILABILITY,domains.list,2026-10-03 14:12:09.431742+00:00
redhotfreebies.co.uk,AVAILABILITY,domains.list,2026-10-03 14:12:09.912397+00:00
creditauthpagev3.info,AVAILABILITY,domains.list,2026-10-03 14:12:11.032475+00:00
www.defenderxtactical.com,AVAILABILITY,domains.list,2026-10-03 14:12:11.254588+00:00
www.creditauthpagev3.info,AVAILABILITY,domains.list,2026-10-03 14:12:11.591091+00:00
www.redhotfreebies.co.uk,AVAILABILITY,domains.list,2026-10-03 14:12:11.823736+00:00
www.otherinbox.com,AVAILABILITY,domains.list,2026-10-03 14:12:12.242993+00:00
www.onlineloan-personal.net,AVAILABILITY,domains.list,2026-10-03 14:12:12.450089+00:00
www.fitnesshealthreporter.com,AVAILABILITY,domains.list,2026-10-03 14:12:12.686956+00:00
www.thedatingconference.com,AVAILABILITY,domains.list,2026-10-03 14:12:12.960797+00:00
www.clicktshirtprinting.co.uk,AVAILABILITY,domains.list,2026-10-03 14:12:13.205698+00:00
clicktshirtprinting.co.uk,AVAILABILITY,domains.list,2026-10-03 14:12:13.614581+00:00
fitnesshealthreporter.com,AVAILABILITY,domains.list,2026-10-03 14:12:13.971350+00:00
gtradersoft.com,AVAILABILITY,domains.list,2026-10-03 14:12:14.252262+00:00
heartrevitalized.com,AVAILABILITY,domains.list,2026-10-03 14:12:14.451713+00:00
onlineloan-personal.net,AVAILABILITY,domains.list,2026-10-03 14:12:14.880867+00:00
thedatingconference.com,AVAILABILITY,domains.list,2026-10-03 14:12:15.119914+00:00
www.gtradersoft.com,AVAILABILITY,domains.list,2026-10-03 14:12:15.568012+00:00
www.heartrevitalized.com,AVAILABILITY,domains.list,2026-10-03 14:12:15.870182+00:00
www.novastarled.com,AVAILABILITY,domains.list,2026-10-03 14:12:16.382886+00:00
www.arklighting.co,AVAILABILITY,domains.list,2026-10-03 14:12:19.736610+00:00
www.tinaborg.com,AVAILABILITY,domains.list,2026-10-03 14:12:25.332161+00:00
